{"cameraMode":{"drawMode":0,"name":"Shaded","section":"Shading Mode"},"sceneLighting":true,"audioPlay":false,"sceneViewState":{"m_AlwaysRefresh":false,"showFog":true,"showSkybox":true,"showFlares":true,"showImageEffects":true,"showParticleSystems":true,"showVisualEffectGraphs":true,"m_FxEnabled":true},"in2DMode":false,"pivot":{"x":-1.276157021522522,"y":-9.5367431640625e-7,"z":-0.3227567672729492},"rotation":{"x":0.11106187105178833,"y":-0.017891796305775644,"z":0.0019998105708509685,"w":0.9936498999595642},"size":7.575610160827637,"orthographic":false}